--
-- PostgreSQL database dump
--

-- Dumped from database version 12.9 (Ubuntu 12.9-2.pgdg20.04+1)
-- Dumped by pg_dump version 12.9 (Ubuntu 12.9-2.pgdg20.04+1)

SET statement_timeout = 0;
SET lock_timeout = 0;
SET idle_in_transaction_session_timeout = 0;
SET client_encoding = 'UTF8';
SET standard_conforming_strings = on;
SELECT pg_catalog.set_config('search_path', '', false);
SET check_function_bodies = false;
SET xmloption = content;
SET client_min_messages = warning;
SET row_security = off;

DROP DATABASE universe;
--
-- Name: universe; Type: DATABASE; Schema: -; Owner: freecodecamp
--

CREATE DATABASE universe WITH TEMPLATE = template0 ENCODING = 'UTF8' LC_COLLATE = 'C.UTF-8' LC_CTYPE = 'C.UTF-8';


ALTER DATABASE universe OWNER TO freecodecamp;

\connect universe

SET statement_timeout = 0;
SET lock_timeout = 0;
SET idle_in_transaction_session_timeout = 0;
SET client_encoding = 'UTF8';
SET standard_conforming_strings = on;
SELECT pg_catalog.set_config('search_path', '', false);
SET check_function_bodies = false;
SET xmloption = content;
SET client_min_messages = warning;
SET row_security = off;

SET default_tablespace = '';

SET default_table_access_method = heap;

--
-- Name: galaxy; Type: TABLE; Schema: public; Owner: freecodecamp
--

CREATE TABLE public.galaxy (
    galaxy_id integer NOT NULL,
    name character varying(40) NOT NULL,
    distance_ly numeric,
    comment text,
    visited boolean
);


ALTER TABLE public.galaxy OWNER TO freecodecamp;

--
-- Name: galaxy_id_seq; Type: SEQUENCE; Schema: public; Owner: freecodecamp
--

CREATE SEQUENCE public.galaxy_id_seq
    AS integer
    START WITH 1
    INCREMENT BY 1
    NO MINVALUE
    NO MAXVALUE
    CACHE 1;


ALTER TABLE public.galaxy_id_seq OWNER TO freecodecamp;

--
-- Name: galaxy_id_seq; Type: SEQUENCE OWNED BY; Schema: public; Owner: freecodecamp
--

ALTER SEQUENCE public.galaxy_id_seq OWNED BY public.galaxy.galaxy_id;


--
-- Name: moon; Type: TABLE; Schema: public; Owner: freecodecamp
--

CREATE TABLE public.moon (
    moon_id integer NOT NULL,
    planet_id integer,
    name character varying(40) NOT NULL,
    mean_radius_km numeric,
    visited boolean
);


ALTER TABLE public.moon OWNER TO freecodecamp;

--
-- Name: moon_moon_id_seq; Type: SEQUENCE; Schema: public; Owner: freecodecamp
--

CREATE SEQUENCE public.moon_moon_id_seq
    AS integer
    START WITH 1
    INCREMENT BY 1
    NO MINVALUE
    NO MAXVALUE
    CACHE 1;


ALTER TABLE public.moon_moon_id_seq OWNER TO freecodecamp;

--
-- Name: moon_moon_id_seq; Type: SEQUENCE OWNED BY; Schema: public; Owner: freecodecamp
--

ALTER SEQUENCE public.moon_moon_id_seq OWNED BY public.moon.moon_id;


--
-- Name: planet; Type: TABLE; Schema: public; Owner: freecodecamp
--

CREATE TABLE public.planet (
    planet_id integer NOT NULL,
    star_id integer,
    name character varying(40) NOT NULL,
    nb_moons integer,
    mean_air_temp_degk integer,
    hosts_life boolean
);


ALTER TABLE public.planet OWNER TO freecodecamp;

--
-- Name: planet_planet_id_seq; Type: SEQUENCE; Schema: public; Owner: freecodecamp
--

CREATE SEQUENCE public.planet_planet_id_seq
    AS integer
    START WITH 1
    INCREMENT BY 1
    NO MINVALUE
    NO MAXVALUE
    CACHE 1;


ALTER TABLE public.planet_planet_id_seq OWNER TO freecodecamp;

--
-- Name: planet_planet_id_seq; Type: SEQUENCE OWNED BY; Schema: public; Owner: freecodecamp
--

ALTER SEQUENCE public.planet_planet_id_seq OWNED BY public.planet.planet_id;


--
-- Name: probe; Type: TABLE; Schema: public; Owner: freecodecamp
--

CREATE TABLE public.probe (
    probe_id integer NOT NULL,
    galaxy_id integer,
    name character varying(40) NOT NULL
);


ALTER TABLE public.probe OWNER TO freecodecamp;

--
-- Name: probe_probe_id_seq; Type: SEQUENCE; Schema: public; Owner: freecodecamp
--

CREATE SEQUENCE public.probe_probe_id_seq
    AS integer
    START WITH 1
    INCREMENT BY 1
    NO MINVALUE
    NO MAXVALUE
    CACHE 1;


ALTER TABLE public.probe_probe_id_seq OWNER TO freecodecamp;

--
-- Name: probe_probe_id_seq; Type: SEQUENCE OWNED BY; Schema: public; Owner: freecodecamp
--

ALTER SEQUENCE public.probe_probe_id_seq OWNED BY public.probe.probe_id;


--
-- Name: star; Type: TABLE; Schema: public; Owner: freecodecamp
--

CREATE TABLE public.star (
    star_id integer NOT NULL,
    galaxy_id integer,
    name character varying(40) NOT NULL,
    distance_ly numeric,
    has_planets boolean
);


ALTER TABLE public.star OWNER TO freecodecamp;

--
-- Name: star_star_id_seq; Type: SEQUENCE; Schema: public; Owner: freecodecamp
--

CREATE SEQUENCE public.star_star_id_seq
    AS integer
    START WITH 1
    INCREMENT BY 1
    NO MINVALUE
    NO MAXVALUE
    CACHE 1;


ALTER TABLE public.star_star_id_seq OWNER TO freecodecamp;

--
-- Name: star_star_id_seq; Type: SEQUENCE OWNED BY; Schema: public; Owner: freecodecamp
--

ALTER SEQUENCE public.star_star_id_seq OWNED BY public.star.star_id;


--
-- Name: galaxy galaxy_id; Type: DEFAULT; Schema: public; Owner: freecodecamp
--

ALTER TABLE ONLY public.galaxy ALTER COLUMN galaxy_id SET DEFAULT nextval('public.galaxy_id_seq'::regclass);


--
-- Name: moon moon_id; Type: DEFAULT; Schema: public; Owner: freecodecamp
--

ALTER TABLE ONLY public.moon ALTER COLUMN moon_id SET DEFAULT nextval('public.moon_moon_id_seq'::regclass);


--
-- Name: planet planet_id; Type: DEFAULT; Schema: public; Owner: freecodecamp
--

ALTER TABLE ONLY public.planet ALTER COLUMN planet_id SET DEFAULT nextval('public.planet_planet_id_seq'::regclass);


--
-- Name: probe probe_id; Type: DEFAULT; Schema: public; Owner: freecodecamp
--

ALTER TABLE ONLY public.probe ALTER COLUMN probe_id SET DEFAULT nextval('public.probe_probe_id_seq'::regclass);


--
-- Name: star star_id; Type: DEFAULT; Schema: public; Owner: freecodecamp
--

ALTER TABLE ONLY public.star ALTER COLUMN star_id SET DEFAULT nextval('public.star_star_id_seq'::regclass);


--
-- Data for Name: galaxy; Type: TABLE DATA; Schema: public; Owner: freecodecamp
--

INSERT INTO public.galaxy VALUES (1, 'milky way', 0, 'this is home', true);
INSERT INTO public.galaxy VALUES (2, 'large magellanic cloud', 160000, NULL, false);
INSERT INTO public.galaxy VALUES (3, 'small magellanic cloud', 200000, NULL, false);
INSERT INTO public.galaxy VALUES (4, 'andromeda', 2500000, NULL, false);
INSERT INTO public.galaxy VALUES (5, 'triangulum', 2900000, NULL, false);
INSERT INTO public.galaxy VALUES (6, 'centaurus a', 13700000, NULL, false);


--
-- Data for Name: moon; Type: TABLE DATA; Schema: public; Owner: freecodecamp
--

INSERT INTO public.moon VALUES (1, 3, 'moon', 1738, true);
INSERT INTO public.moon VALUES (2, 4, 'phobos', 11.267, false);
INSERT INTO public.moon VALUES (3, 4, 'deimos', 6.2, false);
INSERT INTO public.moon VALUES (4, 5, 'io', 1821.6, false);
INSERT INTO public.moon VALUES (5, 5, 'europa', 1560.8, true);
INSERT INTO public.moon VALUES (6, 5, 'ganymede', 2634.1, false);
INSERT INTO public.moon VALUES (7, 5, 'callisto', 2410.3, false);
INSERT INTO public.moon VALUES (8, 6, 'titan', 2574.73, true);
INSERT INTO public.moon VALUES (9, 6, 'hyperion', 135, false);
INSERT INTO public.moon VALUES (10, 6, 'calypso', 10.7, false);
INSERT INTO public.moon VALUES (11, 7, 'titania', 788.9, false);
INSERT INTO public.moon VALUES (12, 7, 'oberon', 761.4, false);
INSERT INTO public.moon VALUES (13, 7, 'cressida', 39.8, false);
INSERT INTO public.moon VALUES (14, 7, 'caliban', 36.4, false);
INSERT INTO public.moon VALUES (15, NULL, 'triton', 1353.4, false);
INSERT INTO public.moon VALUES (16, NULL, 'thalassa', 41, false);
INSERT INTO public.moon VALUES (17, NULL, 'proteus', 210, false);
INSERT INTO public.moon VALUES (18, NULL, 'neso', 30, false);
INSERT INTO public.moon VALUES (19, NULL, 'charon', 606, false);
INSERT INTO public.moon VALUES (20, NULL, 'styx', 5.5, false);


--
-- Data for Name: planet; Type: TABLE DATA; Schema: public; Owner: freecodecamp
--

INSERT INTO public.planet VALUES (1, 1, 'mercury', 0, NULL, false);
INSERT INTO public.planet VALUES (2, 1, 'venus', 0, NULL, false);
INSERT INTO public.planet VALUES (3, 1, 'earth', 1, 288, true);
INSERT INTO public.planet VALUES (4, 1, 'mars', 2, NULL, false);
INSERT INTO public.planet VALUES (5, 1, 'jupiter', 95, 165, false);
INSERT INTO public.planet VALUES (6, 1, 'saturn', 83, 135, false);
INSERT INTO public.planet VALUES (7, 1, 'uranus', 27, 76, false);
INSERT INTO public.planet VALUES (8, 4, 'aegir', NULL, NULL, false);
INSERT INTO public.planet VALUES (9, NULL, 'spe', NULL, NULL, false);
INSERT INTO public.planet VALUES (10, NULL, 'arion', NULL, NULL, false);
INSERT INTO public.planet VALUES (11, NULL, 'dimidium', NULL, NULL, false);
INSERT INTO public.planet VALUES (12, NULL, 'lipperhey', NULL, NULL, false);


--
-- Data for Name: probe; Type: TABLE DATA; Schema: public; Owner: freecodecamp
--

INSERT INTO public.probe VALUES (1, 1, 'mariner 2');
INSERT INTO public.probe VALUES (2, 1, 'venera 4');
INSERT INTO public.probe VALUES (3, 1, 'vega 2');


--
-- Data for Name: star; Type: TABLE DATA; Schema: public; Owner: freecodecamp
--

INSERT INTO public.star VALUES (1, 1, 'sol', 0.0000158, true);
INSERT INTO public.star VALUES (2, 1, 'proxima centauri', 4.2465, true);
INSERT INTO public.star VALUES (3, 1, 'barnard''s star', 5.9629, false);
INSERT INTO public.star VALUES (4, 1, 'ran', 10.4749, true);
INSERT INTO public.star VALUES (5, 1, 'tz arietis', 14.5780, true);
INSERT INTO public.star VALUES (6, 1, 'wise 1639-6847ยง', 15.450, false);


--
-- Name: galaxy_id_seq; Type: SEQUENCE SET; Schema: public; Owner: freecodecamp
--

SELECT pg_catalog.setval('public.galaxy_id_seq', 6, true);


--
-- Name: moon_moon_id_seq; Type: SEQUENCE SET; Schema: public; Owner: freecodecamp
--

SELECT pg_catalog.setval('public.moon_moon_id_seq', 20, true);


--
-- Name: planet_planet_id_seq; Type: SEQUENCE SET; Schema: public; Owner: freecodecamp
--

SELECT pg_catalog.setval('public.planet_planet_id_seq', 12, true);


--
-- Name: probe_probe_id_seq; Type: SEQUENCE SET; Schema: public; Owner: freecodecamp
--

SELECT pg_catalog.setval('public.probe_probe_id_seq', 3, true);


--
-- Name: star_star_id_seq; Type: SEQUENCE SET; Schema: public; Owner: freecodecamp
--

SELECT pg_catalog.setval('public.star_star_id_seq', 6, true);


--
-- Name: galaxy galaxy_id_constraint; Type: CONSTRAINT; Schema: public; Owner: freecodecamp
--

ALTER TABLE ONLY public.galaxy
    ADD CONSTRAINT galaxy_id_constraint UNIQUE (galaxy_id);


--
-- Name: galaxy galaxy_pkey; Type: CONSTRAINT; Schema: public; Owner: freecodecamp
--

ALTER TABLE ONLY public.galaxy
    ADD CONSTRAINT galaxy_pkey PRIMARY KEY (galaxy_id);


--
-- Name: moon moon_id_constraint; Type: CONSTRAINT; Schema: public; Owner: freecodecamp
--

ALTER TABLE ONLY public.moon
    ADD CONSTRAINT moon_id_constraint UNIQUE (moon_id);


--
-- Name: moon moon_pkey; Type: CONSTRAINT; Schema: public; Owner: freecodecamp
--

ALTER TABLE ONLY public.moon
    ADD CONSTRAINT moon_pkey PRIMARY KEY (moon_id);


--
-- Name: planet planet_id_constraint; Type: CONSTRAINT; Schema: public; Owner: freecodecamp
--

ALTER TABLE ONLY public.planet
    ADD CONSTRAINT planet_id_constraint UNIQUE (planet_id);


--
-- Name: planet planet_pkey; Type: CONSTRAINT; Schema: public; Owner: freecodecamp
--

ALTER TABLE ONLY public.planet
    ADD CONSTRAINT planet_pkey PRIMARY KEY (planet_id);


--
-- Name: probe probe_id_constraint; Type: CONSTRAINT; Schema: public; Owner: freecodecamp
--

ALTER TABLE ONLY public.probe
    ADD CONSTRAINT probe_id_constraint UNIQUE (probe_id);


--
-- Name: probe probe_pkey; Type: CONSTRAINT; Schema: public; Owner: freecodecamp
--

ALTER TABLE ONLY public.probe
    ADD CONSTRAINT probe_pkey PRIMARY KEY (probe_id);


--
-- Name: star star_id_constraint; Type: CONSTRAINT; Schema: public; Owner: freecodecamp
--

ALTER TABLE ONLY public.star
    ADD CONSTRAINT star_id_constraint UNIQUE (star_id);


--
-- Name: star star_pkey; Type: CONSTRAINT; Schema: public; Owner: freecodecamp
--

ALTER TABLE ONLY public.star
    ADD CONSTRAINT star_pkey PRIMARY KEY (star_id);


--
-- Name: star galaxy_id_fk; Type: FK CONSTRAINT; Schema: public; Owner: freecodecamp
--

ALTER TABLE ONLY public.star
    ADD CONSTRAINT galaxy_id_fk FOREIGN KEY (galaxy_id) REFERENCES public.galaxy(galaxy_id);


--
-- Name: probe galaxy_id_fk; Type: FK CONSTRAINT; Schema: public; Owner: freecodecamp
--

ALTER TABLE ONLY public.probe
    ADD CONSTRAINT galaxy_id_fk FOREIGN KEY (galaxy_id) REFERENCES public.galaxy(galaxy_id);


--
-- Name: moon planet_id_fk; Type: FK CONSTRAINT; Schema: public; Owner: freecodecamp
--

ALTER TABLE ONLY public.moon
    ADD CONSTRAINT planet_id_fk FOREIGN KEY (planet_id) REFERENCES public.planet(planet_id);


--
-- Name: planet star_id_fk; Type: FK CONSTRAINT; Schema: public; Owner: freecodecamp
--

ALTER TABLE ONLY public.planet
    ADD CONSTRAINT star_id_fk FOREIGN KEY (star_id) REFERENCES public.star(star_id);


--
-- PostgreSQL database dump complete
--

